BROAD ST,S PENN SQ,S BROAD ST & S PENN SQ,-75.16402481,39.95162917
MARKET ST,20TH ST,MARKET ST & N 20TH ST,-75.17317749,39.95357263
LOMBARD ST,8TH ST,LOMBARD ST & S 8TH ST,-75.15526828,39.94341633
20TH ST,CHESTNUT ST,S 20TH ST & CHESTNUT ST,-75.17349066,39.95205378
JFK BLVD,17TH ST,JOHN F KENNEDY BLVD & N 17TH ST,-75.16821466,39.95400633
JFK BLVD,18TH ST,JOHN F KENNEDY BLVD & N 18TH ST,-75.16978957,39.95419624
BROAD ST,CHERRY ST,N BROAD ST & CHERRY ST,-75.16301597,39.95534633
21ST ST,MARKET ST,N 21ST ST & MARKET ST,-75.17508763,39.95380154
MARKET ST,21ST ST,MARKET ST & N 21ST ST,-75.17508763,39.95380154
12TH ST,WALNUT ST,S 12TH ST & WALNUT ST,-75.16053818,39.94888178
SOUTH ST,23RD ST,SOUTH ST & S 23RD ST,-75.17973344,39.94541503
JFK BLVD,19TH ST,JOHN F KENNEDY BLVD & N 19TH ST,-75.17136677,39.95438128
VINE ST,20TH ST,VINE ST & N 20TH ST,-75.17191188,39.95928991
19TH ST,CHESTNUT ST,S 19TH ST & CHESTNUT ST,-75.17191653,39.95185712
11TH ST,WALNUT ST,S 11TH ST & WALNUT ST,-75.15896642,39.94868229
19TH ST,VINE ST,N 19TH ST & VINE ST,-75.17034291,39.959092
SPRING GARDEN ST,BROAD ST,SPRING GARDEN ST & N BROAD ST,-75.16138425,39.96247527
LOMBARD ST,12TH ST,LOMBARD ST & S 12TH ST,-75.16155619,39.94419744
MARKET ST,4TH ST,MARKET ST & N 4TH ST,-75.14725817,39.95037181
16TH ST,SPRING GARDEN ST,N 16TH ST & SPRING GARDEN ST,-75.16468389,39.9627932
22ND ST,CHESTNUT ST,S 22ND ST & CHESTNUT ST,-75.17700205,39.95249506
21ST ST,WINTER ST,N 21ST ST & WINTER ST,-75.173948,39.95900448
S. MATTIS ST,DOCK ST,38TH PARALLEL PL & DOCK ST,-75.14378838,39.94533962
11TH ST,LOCUST ST,S 11TH ST & LOCUST ST,-75.15921193,39.94754556
LOMBARD ST,17TH ST,LOMBARD ST & S 17TH ST,-75.17010529,39.94526858
4TH ST,MARKET ST,N 4TH ST & MARKET ST,-75.14725817,39.95037181
MARKET ST,5TH ST,MARKET ST & N 5TH ST,-75.14891846,39.95055538
VINE ST,19TH ST,VINE ST & N 19TH ST,-75.17034291,39.959092
BROAD ST,SPRING GARDEN ST,N BROAD ST & SPRING GARDEN ST,-75.16138425,39.96247527
ARCH ST,20TH ST,ARCH ST & N 20TH ST,-75.17278495,39.95560586
11TH ST,LOMBARD ST,S 11TH ST & LOMBARD ST,-75.15998554,39.94401027
SPRING GARDEN ST,17TH ST,SPRING GARDEN ST & N 17TH ST,-75.16625245,39.9629917
19TH ST,JFK BLVD,N 19TH ST & JOHN F KENNEDY BLVD,-75.17136677,39.95438128
BROAD ST,ARCH ST,N BROAD ST & ARCH ST,-75.1632158,39.95442583
8TH ST,ARCH ST,N 8TH ST & ARCH ST,-75.15314474,39.95315475
BROAD ST,CALLOWHILL ST,N BROAD ST & CALLOWHILL ST,-75.16209185,39.95960822
ARCH ST,4TH ST,ARCH ST & N 4TH ST,-75.14680649,39.95237076
4TH ST,ARCH ST,N 4TH ST & ARCH ST,-75.14680649,39.95237076
MARKET ST,SCHUYLKILL AVE,MARKET ST & N SCHUYLKILL AVE W,-75.1812195,39.95459534
ARCH ST,19TH ST,ARCH ST & N 19TH ST,-75.17113448,39.95539521
ARCH ST,7TH ST,ARCH ST & N 7TH ST,-75.15154009,39.9529497
20TH ST,COMMERCE ST,N 20TH ST & COMMERCE ST,-75.17306679,39.95420951
JFK BLVD,20TH ST,JOHN F KENNEDY BLVD & N 20TH ST,-75.17300469,39.95455427
JFK BLVD,15TH,JOHN F KENNEDY BLVD & N 15TH ST,-75.16506447,39.95360997
15TH ST,MARKET ST,N 15TH ST & MARKET ST,-75.16522794,39.95257775
16th ST,MARKET ST,N 16TH ST & MARKET ST,-75.16685749,39.95278012
22ND ST,WINTER ST,N 22ND ST & WINTER ST,-75.17553765,39.95919304
29TH ST,MARKET ST,MARKET ST & N SCHUYLKILL AVE W,-75.1812195,39.95459534
SPRING GARDEN ST,7TH ST,SPRING GARDEN ST & N 7TH ST,-75.1498427,39.96136203
SPRING GARDEN ST,8TH ST,SPRING GARDEN ST & N 8TH ST,-75.15179241,39.96144493
ARCH ST,11TH ST,ARCH ST & N 11TH ST,-75.1578643,39.95374947
17TH ST,MARKET ST,N 17TH ST & MARKET ST,-75.16844424,39.95297695
23RD ST,CHESTNUT ST,S 23RD ST & CHESTNUT ST,-75.17814959,39.95263443
22ND ST,SOUTH ST,S 22ND ST & SOUTH ST,-75.17857829,39.94527024
8TH ST,RACE ST,N 8TH ST & RACE ST,-75.15273565,39.95500997
11TH ST,CHESTNUT ST,S 11TH ST & CHESTNUT ST,-75.15863406,39.95020405
16TH ST,CHESTNUT ST,S 16TH ST & CHESTNUT ST,-75.16719569,39.95126484
BROAD ST,PINE ST,S BROAD ST & PINE ST,-75.16515402,39.94555824
JFK BLVD,15TH ST,JOHN F KENNEDY BLVD & N 15TH ST,-75.16506447,39.95360997
COLUMBUS BLVD,DOCK ST,COLUMBUS BLVD & DOCK ST,-75.14205631,39.9451254
7TH ST,CHESTNUT ST,S 7TH ST & CHESTNUT ST,-75.15233708,39.94942255
8TH ST,MARKET ST,N 8TH ST & MARKET ST,-75.15358353,39.95112816
16TH ST,JFK BLVD,N 16TH ST & JOHN F KENNEDY BLVD,-75.16661762,39.95379916
SPRING GARDEN ST,8TH ST,SPRING GARDEN ST & N 8TH ST,-75.15179241,39.96144493
MARKET ST,4TH ST,MARKET ST & N 4TH ST,-75.14725817,39.95037181
19TH ST,JFK BLVD,N 19TH ST & JOHN F KENNEDY BLVD,-75.17136677,39.95438128
GREENE ST,CHELTEN AV,GREENE ST & W CHELTEN AVE,-75.17649624,40.03409786
WAYNE AV,CHELTEN AV,WAYNE AVE & W CHELTEN AVE,-75.17891466,40.03173807
GERMANTOWN AV,SEDGWICK ST,GERMANTOWN AVE & E SEDGWICK ST,-75.1880777,40.05689949
GERMANTOWN AV,NORTHWESTERN,GERMANTOWN AVE & NORTHWESTERN AVE,-75.230501,40.08602376
WAYNE AV,SCHOOL HOUSE LN,WAYNE AVE & W SCHOOL HOUSE,-75.17670603,40.0304612
GERMANTOWN AV,CHELTEN AV,GERMANTOWN AVE & E CHELTEN AVE,-75.17472532,40.03582198
GERMANTOWN AV,HAINES ST,GERMANTOWN AVE & E HAINES ST,-75.17695586,40.03842369
GERMANTOWN AV,ASHMEAD PL,GERMANTOWN AVE & S ASHMEAD PL,-75.16648912,40.03079541
STENTON AV,MT PLEASANT AV,STENTON AVE & E MOUNT PLEASANT AVE,-75.17930583,40.06748374
WADSWORTH AV,PICKERING AV,WADSWORTH AVE & PICKERING AVE,-75.17260021,40.08046969
CB MOORE AV,BROAD ST,CECIL B MOORE AVE & N BROAD ST,-75.15791563,39.97870886
GIRARD AV,12TH ST,W GIRARD AVE & N 12TH ST,-75.1557193,39.97098284
GIRARD AV,PALMER ST,E GIRARD AVE & E PALMER ST,-75.12842762,39.97085102
GIRARD AV,29TH ST,W GIRARD AVE & N 29TH ST,-75.18346786,39.97456687
GIRARD AV,11TH ST,W GIRARD AVE & N 11TH ST,-75.15415068,39.97077954
OLD YORK RD,MEDARY AV,OLD YORK RD & MEDARY AVE,-75.14416856,40.04988721
GIRARD AV,8TH ST,W GIRARD AVE & N 8TH ST,-75.14996763,39.97048649
BROAD ST,66TH AV,N BROAD ST & 66TH AVE,-75.14156141,40.05360098
OGONTZ AV,74TH AV,OGONTZ AVE & 74TH AVE,-75.15628673,40.06700763
GIRARD AV,17TH ST,W GIRARD AVE & N 17TH ST,-75.16427914,39.97208217
LINDLEY AV,BROAD ST,LINDLEY AVE & N BROAD ST,-75.14657624,40.03063853
OLNEY AV,19TH ST,W OLNEY AVE & N 19TH ST,-75.15283768,40.03929525
CB MOORE AV,13TH ST,CECIL B MOORE AVE & N 13TH ST,-75.15570511,39.97837061
GERMANTOWN AV,TIOGA ST,GERMANTOWN AVE & W TIOGA ST,-75.1497381,40.00588994
GIRARD AV,6TH ST,W GIRARD AVE & N 6TH ST,-75.14654477,39.97038165
GIRARD AV,4TH ST,W GIRARD AVE & N 4TH ST,-75.14309536,39.96995576
YORK ST,26TH ST,W YORK ST & N 26TH ST,-75.17495155,39.99187536
BROAD ST,GRANGE AV,N BROAD ST & W GRANGE AVE,-75.14422518,40.04138268
OLD YORK RD,GRANGE AV,OLD YORK RD & W GRANGE AVE,-75.14447839,40.04119447
GERMANTOWN AV,ERIE AV,GERMANTOWN AVE & W ERIE AVE,-75.15081093,40.00919772
BROAD ST,LOUDON ST,N BROAD ST & W LOUDON ST,-75.14755642,40.02613962
OLD YORK RD,CHAMPLOST AV,OLD YORK RD & W CHAMPLOST AVE,-75.14461352,40.0445625
OGONTZ AV,76TH AV,OGONTZ AVE & 76TH AVE,-75.15716663,40.06996442
CB MOORE AV,12TH ST,CECIL B MOORE AVE & N 12TH ST,-75.15415369,39.97816725
33RD ST,DAUPHIN ST,N 33RD ST & W DAUPHIN ST,-75.18637221,39.99177817
33RD ST,DIAMOND ST,N 33RD ST & DIAMOND ST,-75.18706038,39.98866643
RIDGE AV,CUMBERLAND RD,RIDGE AVE & W CUMBERLAND DR,-75.18726167,39.99494822
OLD YORK RD,STENTON AV,OLD YORK RD & STENTON AVE,-75.14495947,40.04868191
BROAD ST,TIOGA ST,N BROAD ST & W TIOGA ST,-75.15192156,40.00616852
22ND ST,SOMERSET ST,N 22ND ST & W SOMERSET ST,-75.16721632,39.99719845
22ND ST,FOX ST,N 22ND ST & FOX ST,-75.16652847,40.00040378
22ND ST,INDIANA AV,N 22ND ST & W INDIANA AVE,-75.1665638,40.00020077
22ND ST,CAMBRIA ST,N 22ND ST & W CAMBRIA ST,-75.16689588,39.99868934
BROAD ST,MONTGOMERY AV,N BROAD ST & W MONTGOMERY AVE,-75.1575828,39.98022419
BROAD ST,BERKS ST,N BROAD ST & W BERKS ST,-75.15725547,39.98169482
BROAD ST,RISING SUN AV,N BROAD ST & RISING SUN AVE,-75.15255075,40.00318284
LEHIGH AV,GERMANTOWN AV,W LEHIGH AVE & GERMANTOWN AVE,-75.14788704,39.99307988
BROAD ST,NORRIS ST,N BROAD ST & W NORRIS ST,-75.15691578,39.98322097
BROAD ST,RUSCOMB ST,N BROAD ST & W RUSCOMB ST,-75.14691352,40.02914517
HUNTING PARK AV,STOKLEY ST,W HUNTING PARK AVE & STOKLEY ST,-75.17035734,40.00840787
BROAD ST,ROCKLAND ST,N BROAD ST & W ROCKLAND ST,-75.14721963,40.02764514
BROAD ST,ROCKLAND ST,N BROAD ST & W ROCKLAND ST,-75.14721963,40.02764514
LEHIGH AV,LAWRENCE ST,W LEHIGH AVE & N LAWRENCE ST,-75.13926139,39.99197058
CB MOORE AV,BROAD ST,CECIL B MOORE AVE & N BROAD ST,-75.15791563,39.97870886
BROAD ST,CB MOORE AV,N BROAD ST & CECIL B MOORE AVE,-75.15791563,39.97870886
BROAD ST,SOMERVILLE AV,N BROAD ST & W SOMERVILLE AVE,-75.14555424,40.0352631
GIRARD AV &,POPLAR DR,,-75.2327595,40.05620361
LEHIGH AV,22ND ST,W LEHIGH AVE & N 22ND ST,-75.16756843,39.99562258
LEHIGH AV,22ND ST,W LEHIGH AVE & N 22ND ST,-75.16756843,39.99562258
LEHIGH AV,20TH ST,W LEHIGH AVE & N 20TH ST,-75.16409575,39.99517003
LEHIGH AV,20TH ST,W LEHIGH AVE & N 20TH ST,-75.16409575,39.99517003
66TH AV,16TH ST,66TH AVE & N 16TH ST,-75.14476213,40.05402351
LEHIGH AV,17TH ST,W LEHIGH AVE & N 17TH ST,-75.15936779,39.99452639
ALLEGHENY AV,FRANKFORD AV,E ALLEGHENY AVE & FRANKFORD AVE,-75.11025975,39.99295827
ALLEGHENY AV,FRANKFORD AV,E ALLEGHENY AVE & FRANKFORD AVE,-75.11025975,39.99295827
ROOSEVELT BLVD,RED LION,E ROOSEVELT BLVD & RED LION RD,-75.01552888,40.09486135
BUSTLETON AV,RHAWN ST,BUSTLETON AVE & RHAWN ST,-75.05202318,40.05953669
BUSTLETON AV,COTTMAN AV,BUSTLETON AVE & COTTMAN AVE,-75.05993725,40.04775232
BUSTLETON AV,BOWLER ST,BUSTLETON AVE & BOWLER ST,-75.03270554,40.09102517
BUSTLETON AV,VERREE RD,BUSTLETON AVE & VERREE RD,-75.02630579,40.1083258
COTTMAN AV,FRANKFORD AV,COTTMAN AVE & FRANKFORD AVE,-75.04075351,40.03679473
BUSTLETON AV,TYSON AV,BUSTLETON AVE & TYSON AVE,-75.06314408,40.04290261
CASTOR AV,COTTMAN AV,CASTOR AVE & COTTMAN AVE,-75.06604684,40.05118232
ERIE AV,KENSINGTON AV,E ERIE AVE & KENSINGTON AVE,-75.09634802,40.00585291
CASTOR AV,MAGEE AV,CASTOR AVE & MAGEE AVE,-75.0750337,40.04194114
OXFORD AV,PRATT ST,OXFORD AVE & PRATT ST,-75.08493161,40.02637793
RISING SUN,MARTINS,RISING SUN AVE & MARTINS MILL RD,-75.09213223,40.05317944
RISING SUN,ADAMS,RISING SUN AVE & ADAMS AVE,-75.11001149,40.03915035
RISING SUN,ADAMS,RISING SUN AVE & ADAMS AVE,-75.11001149,40.03915035
FRANKFORD AV,RHAWN ST,FRANKFORD AVE & RHAWN ST,-75.02825704,40.04136484
ACADMEY RD,GRANT AV,ACADEMY RD & GRANT AVE,-75.00727005,40.06916284
BUSTLETON AV,LEVICK ST,BUSTLETON AVE & LEVICK ST,-75.070524,40.03561923
BUSTLETON AV,COTTMAN AV,BUSTLETON AVE & COTTMAN AVE,-75.05993725,40.04775232
COTTMAN AV,RISING SUN,COTTMAN AVE & RISING SUN AVE,-75.08383427,40.06147383
ACADMEY RD,RED LION,ACADEMY RD & RED LION RD,-74.99723467,40.08002409
RHAWN ST,ROWLAND AV,RHAWN ST & ROWLAND AVE,-75.03154162,40.04568229
BUSTLETON AV,SOLLY AV,BUSTLETON AVE & SOLLY AVE,-75.05168546,40.06314244
BUSTLETON AV,HELLERMAN ST,BUSTLETON AVE & HELLERMAN ST,-75.06926296,40.03681031
RISING SUN,BENNER,RISING SUN AVE & BENNER ST,-75.09956586,40.04605719
ROOSEVELT BLVD,GRANT AV,E ROOSEVELT BLVD & GRANT AVE,-75.02895282,40.08096931
FRANKFORD AV,WELLINGTON AV,FRANKFORD AVE & WELLINGTON ST,-75.04243452,40.03596249
CASTOR AV,HOFFNAGLE ST,CASTOR AVE & HOFFNAGLE ST,-75.05263662,40.06555483
BUSTLETON AV,GLENDALE AV,BUSTLETON AVE & GLENDALE AVE,-75.05396919,40.05493142
RISING SUN,COMLY,RISING SUN AVE & COMLY ST,-75.101107,40.04503971
TORRESDALE AV,CHELTENHAM AV,TORRESDALE AVE & E CHELTENHAM AVE,-75.06338601,40.01552103
COTTMAN AV,LORETTO AV,COTTMAN AVE & LORETTO AVE,-75.06772434,40.05214659
CHAMPLOST AV,A ST,E CHAMPLOST AVE & A ST,-75.11844515,40.04120435
ROOSEVELT BLVD,WOODWARD ST,E ROOSEVELT BLVD & WOODWARD ST,-75.03829934,40.07126289
ROOSEVELT BLVD,UNRUH AV,E ROOSEVELT BLVD & UNRUH AVE,-75.06305765,40.03714192
ADMEY RD,AVALON ST,ACADEMY RD & AVALON ST,-75.00089835,40.0758268
HUNTING PARK,L St,E HUNTING PARK AVE & L ST,-75.10221798,40.01079014
ROOSEVELT BLVD,BORBECK AV,E ROOSEVELT BLVD & BORBECK AVE,-75.04951012,40.0543255
COTTMAN AV,ROOSEVELT BLVD,COTTMAN AVE & E ROOSEVELT BLVD,-75.05464796,40.04464634
COTTMAN AV,HANFORD ST,COTTMAN AVE & HANFORD ST,-75.05772603,40.04641155
BUSTLETON AV,BLEIGH AV,BUSTLETON AVE & BLEIGH AVE,-75.0582853,40.049689
BUSTLETON AV,HENDRIX ST,BUSTLETON AVE & HENDRIX ST,-75.01800541,40.11891014
CASTOR AV,GLENDALE AV,CASTOR AVE & GLENDALE AVE,-75.06173731,40.05589323
COTTMAN AV,RUPERT ST,COTTMAN AVE & RUPERT ST,-75.05638403,40.04564092
BUSTLETON AV,MAGEE AV,BUSTLETON AVE & MAGEE AVE,-75.06800372,40.03806086
BUSTLETON AV,TOMLINSON RD,BUSTLETON AVE & TOMLINSON RD,-75.02304283,40.11299909
VERREE RD,SUSQUEHANNA RD,VERREE RD & SUSQUEHANNA RD,-75.06846471,40.0801655
ROOSEVELT BLVD,HORNIG ST,E ROOSEVELT BLVD & HORNIG RD,-74.99101241,40.11235774
G ST,HUNTING PARK,G ST & E HUNTING PARK AVE,-75.11216242,40.01208645
BUSTLETON AV,LAWLER ST,BUSTLETON AVE & LAWLER ST,-75.02514252,40.10995671
ROOSEVELT BVLD,LANGDON ST,E ROOSEVELT BLVD & LANGDON ST,-75.09916996,40.02740163
TORRESDALE AV,ROBBINS AV,TORRESDALE AVE & ROBBINS ST,-75.05372604,40.02051418
ALLEGHENY AV,ARAMINGO AV,E ALLEGHENY AVE & ARAMINGO AVE,-75.10632635,39.9885252
ARAMINGO AV,ALLEGHENY AV,ARAMINGO AVE & E ALLEGHENY AVE,-75.10632635,39.9885252
ERIE AV,A ST,E ERIE AVE & A ST,-75.12517985,40.00744517
ERIE AV,A ST,E ERIE AVE & A ST,-75.12517985,40.00744517
ROOSEVELT BLVD,FAUNCE ST,E ROOSEVELT BLVD & FAUNCE ST,-75.05149608,40.05046026
STATE RD,I-95,STATE RD & RHAWN ST,-75.02176223,40.0312465
STATE RD,I-95,STATE RD & RHAWN ST,-75.02176223,40.0312465
ROOSEVELT BLVD,HALDMEAN AV,E ROOSEVELT BLVD & HALDEMAN AVE,-75.00864297,40.10021229
BUSTLETON AV,HALDMEAN AV,BUSTLETON AVE & HALDEMAN AVE,-75.03092857,40.09405249
FRANKFORD AVE,KNORR ST,FRANKFORD AVE & KNORR ST,-75.05097354,40.03232582
RIDGE AV,WALNUT LN,RIDGE AVE & WALNUT LN,-75.20943747,40.02697058
RIDGE AV,GREEN LN,RIDGE AVE & GREEN LN,-75.21593647,40.03411752
RIDGE AV,HERMITAGE ST,RIDGE AVE & HERMITAGE ST,-75.21876006,40.03665587
RIDGE AV,DOMINO LN,RIDGE AVE & DOMINO LN,-75.23204161,40.04532922
RIDGE AV,CATHEDRAL RD,RIDGE AVE & CATHEDRAL RD,-75.23966854,40.06401817
HENRY AV,INDIAN QUEEN,HENRY AVE & INDIAN QUEEN LN,-75.18416814,40.01337012
HENRY AV,SCHOOL HOUSE,HENRY AVE & W SCHOOL HOUSE,-75.19240532,40.02049691
WALNUT LN,HENRY AV,WALNUT LN & HENRY AVE,-75.20561601,40.02866208
HENRY AV,WALNUT LN,HENRY AVE & WALNUT LN,-75.20561601,40.02866208
RIDGE AV,MAIN ST,RIDGE AVE & MAIN ST,-75.20870023,40.01548128
OREGON AV,BROAD ST,OREGON AVE & S BROAD ST,-75.1714235,39.91675866
TASKER ST,BROAD ST,TASKER ST & S BROAD ST,-75.16842313,39.93046668
OREGON AV,20TH ST,OREGON AVE & S 20TH ST,-75.18090071,39.91797227
OREGON AV,21ST ST,OREGON AVE & S 21ST ST,-75.18282151,39.91823359
OREGON AV,21ST ST,OREGON AVE & S 21ST ST,-75.18282151,39.91823359
MORRIS ST,BROAD ST,MORRIS ST & S BROAD ST,-75.16868918,39.92925737
PASSYUNK AV,19TH ST,W PASSYUNK AVE & S 19TH ST,-75.17798329,39.92395289
BROAD ST,CHRISTIAN ST,S BROAD ST & CHRISTIAN ST,-75.16636152,39.94003158
BROAD ST,FEDERAL ST,S BROAD ST & FEDERAL ST,-75.16730335,39.93569699
BROAD ST,TASKER ST,S BROAD ST & TASKER ST,-75.16842313,39.93046668
BROAD ST,CURTIN ST,S BROAD ST & CURTIN ST,-75.17305269,39.91051436
BROAD ST,PATTISON AV,S BROAD ST & PATTISON AVE,-75.17414181,39.90543469
BROAD ST,PACKER AV,S BROAD ST & PACKER AVE,-75.17276425,39.91184334
BROAD ST,CHRISTIAN ST,S BROAD ST & CHRISTIAN ST,-75.16636152,39.94003158
BROAD ST,CHRISTIAN ST,S BROAD ST & CHRISTIAN ST,-75.16636152,39.94003158
OREGON AV,5TH ST,OREGON AVE & S 5TH ST,-75.15670929,39.91487081
OREGON AV,5TH ST,OREGON AVE & S 5TH ST,-75.15670929,39.91487081
16TH ST,FITZWATER,S 16TH ST & FITZWATER ST,-75.16916649,39.94221872
16TH ST,FITZWATER,S 16TH ST & FITZWATER ST,-75.16916649,39.94221872
16TH ST,MOYAMENSING ST,S 16TH ST & W MOYAMENSING AVE,-75.17491808,39.91577942
16TH ST,MOYAMENSING ST,S 16TH ST & W MOYAMENSING AVE,-75.17491808,39.91577942
11TH ST,PATTISON AV,S 11TH ST & PATTISON AVE,-75.1685149,39.90475007
11TH ST,PATTISON AV,S 11TH ST & PATTISON AVE,-75.1685149,39.90475007
PATTISON AV,LAWRENCE ST,PATTISON AVE & S LAWRENCE ST,-75.15843135,39.90346353
PATTISON AV,20TH ST,PATTISON AVE & S 20TH ST,-75.18338897,39.90661864
BROAD ST,ZINKOFF,S BROAD ST & ZINKOFF BLVD,-75.17465663,39.90297463
BROAD ST,JACKSON ST,S BROAD ST & JACKSON ST,-75.17002471,39.92313905
LINDBERGH BLVD,70TH ST,LINDBERGH BLVD & S 70TH ST,-75.23078463,39.91118571
LINDBERGH BLVD,80TH ST,LINDBERGH BLVD & S 80TH ST,-75.24745993,39.90236339
LINDBERGH BLVD,78TH ST,LINDBERGH BLVD & S 78TH ST,-75.24324032,39.90368928
65TH ST,WOODLAND AV,S 65TH ST & WOODLAND AVE,-75.23432827,39.92557419
LINDBERGH BLVD,72ND ST,LINDBERGH BLVD & S 72ND ST,-75.23317484,39.9090751
BARTRAM AV,TINICUM AV,BARTRAM AVE & TINICUM BLVD,-75.24503283,39.89037758
WOODLAND AV,50TH ST,WOODLAND AVE & S 50TH ST,-75.21386547,39.93997561
58TH ST,GREENWAY AV,S 58TH ST & GREENWAY AVE,-75.22586094,39.93348215
LINDBERGH BLVD,68TH ST,LINDBERGH BLVD & S 68TH ST,-75.22734138,39.91350433
BARTRAM AV,84TH ST,BARTRAM AVE & S 84TH ST,-75.24196099,39.89192381
BARTRAM AV,84TH ST,BARTRAM AVE & S 84TH ST,-75.24196099,39.89192381
1 84TH,S/O LINDBERGH,S 84TH ST & LINDBERGH BLVD,-75.25244567,39.89750695
84TH ST,LINDBERGH BLVD,S 84TH ST & LINDBERGH BLVD,-75.25244567,39.89750695
84TH ST,CRANE ST,S 84TH ST & CRANE ST,-75.24713288,39.89407022
CHESTNUT ST,34TH ST,CHESTNUT ST & S 34TH ST,-75.19177958,39.9543307
CHESTNUT ST,34TH ST,CHESTNUT ST & S 34TH ST,-75.19177958,39.9543307
33RD ST,SPRUCE ST,S 33RD ST & SPRUCE ST,-75.1916904,39.95032171
33RD ST,SPRUCE ST,S 33RD ST & SPRUCE ST,-75.1916904,39.95032171
UNIVERSITY AV,WOODLAND AV,UNIVERSITY AVE & WOODLAND AVE,-75.20115753,39.94984044
UNIVERSITY AV,WOODLAND AV,UNIVERSITY AVE & WOODLAND AVE,-75.20115753,39.94984044
WOODLAND AV,43RD ST,WOODLAND AVE & S 43RD ST,-75.20838441,39.94565561
CHESTNUT ST,32ND ST,CHESTNUT ST & S 32ND ST,-75.1873878,39.95378813
CIVIC CENTER,34TH,CIVIC CENTER BLVD & S 34TH ST,-75.19310033,39.94810082
34TH ST,SPRUCE ST,S 34TH ST & SPRUCE ST,-75.19258719,39.95044738
33RD ST,WALNUT ST,S 33RD ST & WALNUT ST,-75.1900353,39.95255563
SPRUCE ST,38TH ST,SPRUCE ST & S 38TH ST,-75.19920568,39.95125836
CHESTNUT ST,30TH ST,CHESTNUT ST & S 30TH ST,-75.18374158,39.95333647
CHESTER AV,43RD ST,CHESTER AVE & S 43RD ST,-75.20905245,39.94840065
CHESTNUT ST,40TH ST,CHESTNUT ST & S 40TH ST,-75.2022741,39.95563138
WALNUT ST,39TH ST,WALNUT ST & S 39TH ST,-75.20026099,39.95382174
WALNUT ST,39TH ST,WALNUT ST & S 39TH ST,-75.20026099,39.95382174
BALTIMORE AV,53RD ST,BALTIMORE AVE & S 53RD ST,-75.22944958,39.94778084
BALTIMORE AV,53RD ST,BALTIMORE AVE & S 53RD ST,-75.22944958,39.94778084
CONSHOHOCKEN AV,W COUNTRY,CONSHOHOCKEN AVE & W COUNTRY CLUB RD,-75.20770675,40.00271537
CONSHOHOCKEN AV,W COUNTRY,CONSHOHOCKEN AVE & W COUNTRY CLUB RD,-75.20770675,40.00271537
54TH ST,CITY AV,N 54TH ST & CITY AVE,-75.23528612,39.9970893
LANCASTER AV,41ST ST,LANCASTER AVE & N 41ST ST,-75.20546777,39.96509101
SPRUCE ST,49TH ST,SPRUCE ST & S 49TH ST,-75.22008121,39.95385043
CITY AV,BELMONT AV,CITY AVE & BELMONT AVE,-75.22069649,40.0039256
GIRARD AV,39TH ST,W GIRARD AVE & N 39TH ST,-75.20173701,39.97439588
CITY AV,CONSHOHOCKEN AV,CITY AVE & CONSHOHOCKEN AVE,-75.2264147,40.00123971
52ND ST,PINE ST,S 52ND ST & PINE ST,-75.22622413,39.95352912
52ND ST,HAVERFORD AV,N 52ND ST & HAVERFORD AVE,-75.22459125,39.96489704
HAVERFORD AV,MALVERN AV,HAVERFORD AVE & MALVERN AVE,-75.26305409,39.97575007
PARKSIDE AV,49TH ST,PARKSIDE AVE & N 49TH ST,-75.21933369,39.99217284
BALTIMORE AV,43RD ST,BALTIMORE AVE & S 43RD ST,-75.20926016,39.94954275
BALTIMORE AV,43RD ST,BALTIMORE AVE & S 43RD ST,-75.20926016,39.94954275
CITY AV,PRESIDENTIAL BLVD,CITY AVE & PRESIDENTIAL BLVD,-75.2107668,40.00855247
CITY AV,PRESIDENTIAL BLVD,CITY AVE & PRESIDENTIAL BLVD,-75.2107668,40.00855247
GIRARD AV,34TH ST,W GIRARD AVE & N 34TH ST,-75.19489864,39.97516312
GIRARD AV,34TH ST,W GIRARD AVE & N 34TH ST,-75.19489864,39.97516312
60TH ST,LANSDOWNE AV,N 60TH ST & LANSDOWNE AVE,-75.24023502,39.97591841
60TH ST,LANSDOWNE AV,N 60TH ST & LANSDOWNE AVE,-75.24023502,39.97591841
FORD RD,CRANSTON RD,FORD RD & CRANSTON RD,-75.20969683,39.99965137
BELMONT AV,MANTUA AV,BELMONT AVE & MANTUA AVE,-75.21205577,39.97250895
BALTIMORE AV,58TH ST,BALTIMORE AVE & S 58TH ST,-75.24005316,39.94591858
CONSHOHOCKEN AV,E COUNTRY,CONSHOHOCKEN AVE & E COUNTRY CLUB RD,-75.20319533,40.0033948
BELMONT AV,CONSHOHOCKEN AV,BELMONT AVE & CONSHOHOCKEN AVE,-75.21955144,39.99984074
ZOOLOGICAL ST,GIRARD AV,ZOOLOGICAL ST & W GIRARD AVE,-75.19541224,39.97510346
SPRUCE ST,60TH ST,SPRUCE ST & S 60TH ST,-75.24188945,39.95655399
54TH ST,UPLAND WAY,N 54TH ST & UPLAND WAY,-75.23079186,39.9825177
LANCASTER AV,47TH ST,LANCASTER AVE & N 47TH ST,-75.21608588,39.9716194
LANSDOWNE AV,56TH ST,LANSDOWNE AVE & N 56TH ST,-75.23369115,39.97664392
LANCASTER AV,47TH ST,LANCASTER AVE & N 47TH ST,-75.21608588,39.9716194
LANCASTER AV,47TH ST,LANCASTER AVE & N 47TH ST,-75.21608588,39.9716194
63RD ST,COLUMBIA AVE,N 63RD ST & W COLUMBIA AVE,-75.24654143,39.98064668
63RD ST,COLUMBIA AVE,N 63RD ST & W COLUMBIA AVE,-75.24654143,39.98064668
LANDSDOWNE AV,N 60TH ST,LANSDOWNE AVE & N 60TH ST,-75.24023502,39.97591841
